Date,TimeRate,PageViews,DealerSearch,Visitas,CarConfiguration,Return Rate
"Dec 30, 2013","3,424",0,0,0,0,0
"Dec 31, 2013","2,340",0,0,0,0,0
"Jan 1, 2014","1,808",0,0,"3,699",0,0
"Jan 2, 2014","3,355",0,0,"6,647",0,0
"Jan 3, 2014","3,036",0,0,"6,604",0,0
"Jan 4, 2014","2,212",0,0,"4,293",0,0
"Jan 5, 2014","2,117",0,0,"4,044",0,0
"Jan 6, 2014","3,340",0,0,"6,542",0,0
"Jan 7, 2014","3,472",0,0,"6,678",0,0
"Jan 8, 2014","3,719",0,0,"7,366",0,0
"Jan 9, 2014","4,020",0,0,"7,821",0,0
"Jan 10, 2014","3,309",0,0,"6,617",0,0
"Jan 11, 2014","2,592",0,0,"5,045",0,0
"Jan 12, 2014","2,593",0,0,"5,045",0,0
"Jan 13, 2014","4,047",0,0,"7,834",969,0
"Jan 14, 2014","4,050",0,0,"7,804",975,0
"Jan 15, 2014","3,886",0,0,"7,668",907,0
"Jan 16, 2014","3,594",0,0,"6,968",746,0
"Jan 17, 2014","3,370",0,0,"6,572",742,0
"Jan 18, 2014","2,532",0,0,"4,963",815,0
"Jan 19, 2014","2,702",0,0,"5,257",703,0
"Jan 20, 2014","4,128","2,418",0,"8,051","1,078",0
"Jan 21, 2014","3,959","2,346",0,"7,778","1,210",0
"Jan 22, 2014","5,760","3,050",0,"10,615","1,496",0
"Jan 23, 2014","4,687","2,587",0,"8,759","1,426",0
"Jan 24, 2014","4,016","2,326",0,"7,289","1,262",0
"Jan 25, 2014","3,074","1,818",0,"5,580",916,0
"Jan 26, 2014","3,204","1,876",0,"5,740",999,0
"Jan 27, 2014","4,740","2,701",244,"9,379","1,331",0
"Jan 28, 2014","4,629","2,631",156,"8,957","1,329","2,598"
"Jan 29, 2014","4,307","2,407",233,"8,548","1,352","2,325"
"Jan 30, 2014","4,001","2,243",144,"8,245","1,719","2,304"
"Jan 31, 2014","3,491","1,934",130,"7,351","1,619","2,113"
"Feb 1, 2014","2,578","1,495",70,"5,206","1,222","1,353"
"Feb 2, 2014","2,710","1,553",37,"5,217","1,218","1,284"
"Feb 3, 2014","3,229","1,970",73,"6,290","1,482","1,758"
"Feb 4, 2014","3,766","2,083",194,"7,681","1,757","2,165"
"Feb 5, 2014","5,400","2,702",175,"12,336","2,505","2,687"
"Feb 6, 2014","8,012","3,651",209,"39,402","5,077","4,307"
"Feb 7, 2014","3,650","2,008",181,"7,789","2,640","2,166"
"Feb 8, 2014","3,027","1,786",137,"6,371","2,304","1,650"
"Feb 9, 2014","3,326","1,922",79,"6,994","2,330","1,785"
"Feb 10, 2014","4,955","2,743",227,"10,329","3,392","2,859"
"Feb 11, 2014","7,183","3,551",164,"18,009","4,696","3,392"
"Feb 12, 2014","4,568","2,558",197,"9,410","3,516","2,759"
"Feb 13, 2014","5,981","2,709",202,"45,356","3,201","3,404"
"Feb 14, 2014","3,234","1,773",153,"7,263","2,161","2,090"
"Feb 15, 2014","3,018","1,735",196,"6,550","2,180","1,833"
"Feb 16, 2014","3,191","1,872",90,"7,049","2,369","1,776"
"Feb 17, 2014","4,622","2,662",288,"9,702","3,329","2,747"
"Feb 18, 2014","4,254","2,451",225,"9,019","2,886","2,588"
"Feb 19, 2014","5,461","2,929",221,"11,789","3,320","2,783"
"Feb 20, 2014","4,166","2,344",205,"8,767","2,969","2,549"
"Feb 21, 2014","3,821","2,192",133,"8,086","2,719","2,295"
"Feb 22, 2014","2,977","1,635",214,"6,606","2,036","1,792"
"Feb 23, 2014","3,143","1,861",71,"6,623","2,164","1,830"
"Feb 24, 2014","4,580","2,577",239,"9,353","3,233","2,787"
"Feb 25, 2014","4,741","2,719",206,"9,517","3,349","2,777"
"Feb 26, 2014","4,467","2,567",211,"9,514","3,202","2,528"
"Feb 27, 2014","4,155","2,329",179,"9,164","2,883","2,561"
"Feb 28, 2014","3,658","2,005",233,"8,463","2,392","2,370"
"Mar 1, 2014","2,994","1,724",116,"7,051","2,086","1,746"
"Mar 2, 2014","3,267","1,905",73,"7,240","2,441","1,848"
"Mar 3, 2014","4,498","2,501",274,"13,847","2,741","2,828"
"Mar 4, 2014","4,360","2,468",210,"12,000","1,571","2,566"
"Mar 5, 2014","4,080","2,291",214,"9,532","1,368","2,466"
"Mar 6, 2014","4,548","2,489",154,"14,902","1,427","2,749"
"Mar 7, 2014","3,866","2,175",152,"11,021","1,293","2,428"
"Mar 8, 2014","3,006","1,679",150,"7,432",999,"1,849"
"Mar 9, 2014","3,632","2,102",125,"8,326","1,168","2,053"
"Mar 10, 2014","4,778","2,715",194,"10,650","1,598","2,995"
"Mar 11, 2014","4,691","2,612",242,"15,012","1,521","3,070"
"Mar 12, 2014","8,147","3,982",216,"45,625","2,232","7,738"
"Mar 13, 2014","4,362","2,521",163,"9,993","1,440","2,890"
"Mar 14, 2014","3,565","1,980",139,"8,584","1,140","2,492"
"Mar 15, 2014","2,995","1,672",140,"7,379",954,"2,172"
"Mar 16, 2014","3,120","1,827",124,"7,617",989,"2,150"
"Mar 17, 2014","4,620","2,580",137,"11,060","1,390","2,865"
"Mar 18, 2014","4,794","2,611",220,"11,896","1,604","2,767"
"Mar 19, 2014","5,250","2,697",199,"13,419","1,600","3,015"
"Mar 20, 2014","4,273","2,225",168,"11,016","1,363","2,487"
"Mar 21, 2014","3,890","2,079",196,"10,290","1,206","2,509"
"Mar 22, 2014","3,182","1,768",93,"8,269",995,"2,148"
"Mar 23, 2014","3,418","1,886",89,"8,638","1,052","2,126"
"Mar 24, 2014","4,875","2,659",245,"12,496","1,496","2,899"
"Mar 25, 2014","4,760","2,494",274,"12,638","1,395","2,901"
"Mar 26, 2014","6,163","3,052",214,"17,533","1,741","3,235"
"Mar 27, 2014","4,189","2,098",216,"10,857","1,232","2,748"
"Mar 28, 2014","3,643","1,826",129,"9,369","1,134","2,420"
"Mar 29, 2014","2,829","1,490",72,"7,244",898,"1,699"
"Mar 30, 2014","3,017","1,645",80,"7,423","1,059","1,665"
"Mar 31, 2014","5,315","2,757",134,"16,123","1,666","2,832"
"Apr 1, 2014","3,374","1,919",121,"6,887","1,119","2,069"
"Apr 2, 2014","3,488","1,901",161,"7,623","1,061","2,215"
"Apr 3, 2014","3,883","2,154",238,"8,646","1,246","2,476"
"Apr 4, 2014","3,424","1,906",122,"8,088","1,172","2,218"
"Apr 5, 2014","2,580","1,417",127,"5,824",818,"1,615"
"Apr 6, 2014","2,572","1,480",69,"5,866",788,"1,543"
"Apr 7, 2014","4,157","2,361",213,"8,746","1,464","2,710"
"Apr 8, 2014","3,797","2,099",168,"7,986","1,288","2,552"
"Apr 9, 2014","3,620","2,038",198,"7,556","1,296","2,418"
"Apr 10, 2014","4,011","2,308",191,"8,333","1,538","2,515"
"Apr 11, 2014","3,320","1,820",151,"7,100","1,138","2,272"
"Apr 12, 2014","2,563","1,478",132,"5,660",918,"1,623"
"Apr 13, 2014","2,831","1,650",100,"5,892","1,068","1,627"
"Apr 14, 2014","3,897","2,169",233,"8,123","1,448","2,501"
"Apr 15, 2014","3,545","2,021",180,"7,635","1,351","2,421"
"Apr 16, 2014","3,110","1,743",192,"6,862","1,109","2,083"
"Apr 17, 2014","2,431","1,364",69,"5,484",953,"1,563"
"Apr 18, 2014","2,180","1,200",76,"4,877",885,"1,317"
"Apr 19, 2014","2,055","1,197",83,"4,372",834,"1,268"
"Apr 20, 2014","2,296","1,340",111,"4,754",955,"1,398"
"Apr 21, 2014","4,234","2,296",271,"9,235","1,599","2,588"
"Apr 22, 2014","3,790","2,150",134,"7,575","1,515","2,366"
"Apr 23, 2014","4,668","2,437",209,"10,288","1,697","2,945"
"Apr 24, 2014","3,774","2,113",179,"7,552","1,533","2,267"
"Apr 25, 2014","3,443","1,948",210,"6,844","1,270","2,080"
"Apr 26, 2014","2,555","1,439",120,"5,171","1,001","1,537"
"Apr 27, 2014","2,682","1,560",88,"5,300",997,"1,549"
"Apr 28, 2014","5,593","3,043",266,"16,111","2,126","3,144"
"Apr 29, 2014","3,792","2,095",196,"7,627","1,472","2,328"
"Apr 30, 2014","2,984","1,653",119,"6,010","1,109","1,793"
"May 1, 2014","2,797","1,574",122,"5,206","1,061","1,580"
"May 2, 2014","2,971","1,621",89,"5,772","1,075","1,806"
"May 3, 2014","2,167","1,219",98,"4,238",790,"1,291"
"May 4, 2014","2,302","1,308",97,"4,346",893,"1,313"
"May 5, 2014","3,436","1,840",179,"6,695","1,184","2,172"
"May 6, 2014","3,534","1,917",142,"6,652","1,047","2,110"
"May 7, 2014","3,577","1,972",148,"6,784","1,249","2,056"
"May 8, 2014","3,213","1,764",144,"6,291","1,159","1,972"
"May 9, 2014","2,908","1,627",94,"5,692","1,055","1,775"
"May 10, 2014","2,297","1,292",56,"4,419",853,"1,375"
"May 11, 2014","2,742","1,587",92,"5,164",998,"1,519"
"May 12, 2014","4,110","2,256",177,"7,743","1,514","2,304"
"May 13, 2014","4,003","2,184",203,"7,591","1,463","2,279"
"May 14, 2014","3,785","2,070",194,"7,427","1,361","2,271"
"May 15, 2014","3,625","1,995",191,"6,948","1,307","2,164"
"May 16, 2014","3,329","1,814",168,"6,580","1,223","2,049"
"May 17, 2014","2,559","1,437",134,"4,872",834,"1,530"
"May 18, 2014","2,850","1,641",153,"5,516",996,"1,588"
"May 19, 2014","4,035","2,197",217,"7,841","1,384","2,478"
"May 20, 2014","4,282","2,353",225,"8,123","1,517","2,584"
"May 21, 2014","5,080","2,832",175,"9,176","2,015","2,943"
"May 22, 2014","4,544","2,524",166,"8,390","1,761","2,608"
"May 23, 2014","3,954","2,163",154,"7,289","1,516","2,372"
"May 24, 2014","2,878","1,621",133,"5,386","1,094","1,655"
"May 25, 2014","3,224","1,844",131,"6,028","1,275","1,823"
"May 26, 2014","4,532","2,458",283,"8,538","1,806","2,740"
"May 27, 2014","4,089","2,207",225,"7,978","1,572","2,488"
"May 28, 2014","3,864","2,111",154,"7,391","1,487","2,377"
"May 29, 2014","3,723","2,070",161,"7,294","1,573","2,296"
"May 30, 2014","3,365","1,823",159,"6,677","1,299","2,166"
"May 31, 2014","2,398","1,321",76,"4,793",927,"1,532"
"Jun 1, 2014","2,491","1,351",49,"4,760",998,"1,481"
"Jun 2, 2014","4,395","2,348",229,"9,637","1,744","2,740"
"Jun 3, 2014","4,151","2,181",163,"9,161","1,665","2,658"
"Jun 4, 2014","4,021","2,204",188,"9,960","1,625","2,560"
"Jun 5, 2014","4,241","2,293",194,"9,737","1,683","2,612"
"Jun 6, 2014","3,648","1,899",175,"8,877","1,228","2,297"
"Jun 7, 2014","3,063","1,666",135,"7,137","1,005","1,837"
"Jun 8, 2014","3,416","1,826",67,"8,501","1,180","2,073"
"Jun 9, 2014","4,788","2,559",265,"11,278","1,826","2,938"
"Jun 10, 2014","4,471","2,341",222,"11,559","1,773","2,881"
"Jun 11, 2014","4,450","2,168",186,"14,600","1,542","2,612"
"Jun 12, 2014","3,751","1,859",199,"14,201","1,340","2,370"
"Jun 13, 2014","3,977","1,774",123,"17,069","1,182","2,450"
"Jun 14, 2014","2,965","1,399",88,"13,162","1,029","1,947"
"Jun 15, 2014","3,131","1,509",113,"13,194","1,160","2,040"
"Jun 16, 2014","5,454","2,520",160,"18,802","2,034","3,449"
"Jun 17, 2014","3,990","1,867",120,"17,815","1,332","2,566"
"Jun 18, 2014","10,793","4,335",161,"67,191","3,456","5,761"
"Jun 19, 2014","5,964","2,663",154,"26,437","2,276","3,774"
"Jun 20, 2014","4,620","2,158",143,"19,109","1,690","3,094"
"Jun 21, 2014","3,862","1,698",98,"21,122","1,327","2,701"
"Jun 22, 2014","4,051","1,947",105,"20,174","1,462","2,816"
"Jun 23, 2014","4,915","2,306",136,"17,329","1,768","3,411"
"Jun 24, 2014","4,976","2,349",141,"15,424","1,815","3,352"
"Jun 25, 2014","4,879","2,353",247,"16,503","1,796","3,396"
"Jun 26, 2014","4,988","2,402",158,"17,338","1,832","3,472"
"Jun 27, 2014","4,118","2,047",127,"13,019","1,545","2,939"
"Jun 28, 2014","3,024","1,508",90,"7,343","1,107","2,009"
"Jun 29, 2014","3,741","1,783",54,"11,294","1,402","2,251"
"Jun 30, 2014","4,312","2,091",178,"9,749","1,652","2,854"
"Jul 1, 2014","4,089","2,015",203,"8,668","1,602","2,589"
"Jul 2, 2014","4,261","2,220",130,"8,737","1,790","2,564"
"Jul 3, 2014","4,183","2,150",174,"8,668","1,772","2,535"
"Jul 4, 2014","3,703","1,875",114,"8,447","1,436","2,458"
"Jul 5, 2014","3,131","1,689",98,"6,784","1,324","1,919"
"Jul 6, 2014","3,361","1,702",91,"7,119","1,336","2,003"
"Jul 7, 2014","4,828","2,502",281,"9,719","2,077","2,955"
"Jul 8, 2014","3,990","1,977",204,"8,301","1,717","2,619"
"Jul 9, 2014","5,318","2,452",216,"13,634","2,069","3,252"
"Jul 10, 2014","4,103","2,129",221,"9,127","1,661","2,692"
"Jul 11, 2014","3,705","1,929",181,"9,879","1,496","2,468"
"Jul 12, 2014","2,982","1,529",159,"6,204","1,146","1,867"
"Jul 13, 2014","2,906","1,503",119,"5,968","1,210","1,731"
"Jul 14, 2014","4,802","2,335",288,"10,826","2,023","2,854"
"Jul 15, 2014","4,467","2,300",257,"9,406","1,871","2,781"
"Jul 16, 2014","4,594","2,314",220,"10,369","1,947","2,715"
"Jul 17, 2014","4,450","2,292",180,"9,045","1,865","2,642"
"Jul 18, 2014","4,000","2,036",147,"8,381","1,692","2,613"
"Jul 19, 2014","3,150","1,599",174,"6,572","1,254","1,909"
"Jul 20, 2014","3,078","1,614",99,"6,288","1,269","1,833"
"Jul 21, 2014","5,019","2,596",302,"9,837","2,068","3,014"
"Jul 22, 2014","4,816","2,445",331,"9,441","1,970","2,886"
"Jul 23, 2014","5,249","2,612",256,"10,830","2,147","3,036"
"Jul 24, 2014","4,872","2,599",229,"9,442","2,039","2,771"
"Jul 25, 2014","3,900","1,980",196,"7,819","1,558","2,404"
"Jul 26, 2014","2,816","1,396",147,"5,791","1,148","1,779"
"Jul 27, 2014","3,032","1,532",115,"5,922","1,315","1,675"
"Jul 28, 2014","4,548","2,331",239,"9,307","1,984","2,733"
"Jul 29, 2014","3,993","2,062",184,"7,968","1,727","2,491"
"Jul 30, 2014","3,649","1,900",115,"7,403","1,419","2,358"
"Jul 31, 2014","3,353","1,736",145,"6,949","1,405","2,217"
"Aug 1, 2014","3,219","1,652",141,"6,413","1,283","2,021"
"Aug 2, 2014","2,527","1,228",50,"4,824","1,005","1,494"
"Aug 3, 2014","2,655","1,345",99,"5,119","1,108","1,584"
"Aug 4, 2014","4,338","2,186",251,"8,347","1,882","2,625"
"Aug 5, 2014","3,825","1,895",103,"7,511","1,615","2,346"
"Aug 6, 2014","4,005","1,992",179,"7,843","1,506","2,377"
"Aug 7, 2014","3,909","1,915",197,"7,646","1,678","2,402"
"Aug 8, 2014","3,699","1,861",145,"7,563","1,443","2,311"
"Aug 9, 2014","2,902","1,507",97,"5,817","1,126","1,726"
"Aug 10, 2014","3,039","1,629",76,"5,901","1,340","1,795"
"Aug 11, 2014","4,557","2,364",278,"9,041","1,774","2,894"
"Aug 12, 2014","4,948","2,455",152,"10,389","1,892","3,109"
"Aug 13, 2014","4,605","2,343",280,"9,890","1,855","2,895"
"Aug 14, 2014","4,324","2,260",150,"9,316","1,768","2,832"
"Aug 15, 2014","4,040","1,976",169,"10,049","1,610","2,641"
"Aug 16, 2014","3,182","1,612",143,"7,565","1,119","2,114"
"Aug 17, 2014","3,374","1,724",109,"7,986","1,306","2,109"
"Aug 18, 2014","4,976","2,513",266,"11,294","1,915","3,250"
"Aug 19, 2014","4,700","2,371",257,"11,188","1,801","3,077"
"Aug 20, 2014","4,671","2,448",253,"11,583","1,776","3,103"
"Aug 21, 2014","4,802","2,552",183,"11,825","1,765","3,146"
"Aug 22, 2014","4,871","2,411",204,"13,214","1,708","3,278"
"Aug 23, 2014","4,498","2,220",170,"11,737","1,369","2,848"
"Aug 24, 2014","4,457","2,321",197,"12,198","1,587","2,882"
"Aug 25, 2014","7,370","3,654",286,"21,405","2,493","4,786"
"Aug 26, 2014","9,693","4,608",432,"29,516","3,057","5,796"
"Aug 27, 2014","6,302","3,077",288,"18,049","2,132","4,151"
"Aug 28, 2014","5,939","2,945",199,"18,039","2,009","4,137"
"Aug 29, 2014","5,412","2,565",219,"16,943","1,854","3,698"
"Aug 30, 2014","4,333","2,099",116,"14,097","1,400","3,015"
"Aug 31, 2014","4,568","2,241",103,"13,265","1,576","3,060"
"Sep 1, 2014","5,479","2,694",207,"16,587","1,947","3,857"
"Sep 2, 2014","6,200","2,972",292,"19,290","2,214","4,788"
"Sep 3, 2014","4,805","2,381",228,"13,616","1,700","3,531"
"Sep 4, 2014","4,419","2,167",204,"11,596","1,588","3,211"
"Sep 5, 2014","3,963","1,984",186,"10,820","1,308","2,938"
"Sep 6, 2014","3,333","1,719",108,"9,152","1,270","2,400"
"Sep 7, 2014","3,580","1,794",107,"9,572","1,377","2,381"
"Sep 8, 2014","5,105","2,606",192,"11,258","1,984","3,419"
"Sep 9, 2014","4,948","2,606",201,"11,195","1,930","3,294"
"Sep 10, 2014","4,743","2,476",236,"10,697","1,807","3,078"
"Sep 11, 2014","4,537","2,349",183,"10,829","1,768","2,883"
"Sep 12, 2014","4,173","2,009",173,"11,346","1,574","2,850"
"Sep 13, 2014","3,425","1,822",112,"8,140","1,334","2,312"
"Sep 14, 2014","3,639","1,977",84,"8,336","1,440","2,263"
"Sep 15, 2014","3,830","1,948",155,"9,258","1,552","2,589"
"Sep 16, 2014","3,429","1,772",99,"7,812","1,257","2,218"
"Sep 17, 2014","4,527","2,353",174,"10,247","1,842","2,975"
"Sep 18, 2014","3,941","2,008",178,"9,245","1,569","2,672"
"Sep 19, 2014","3,903","2,114",121,"8,610","1,514","2,602"
"Sep 20, 2014","3,258","1,718",90,"7,286","1,255","1,970"
"Sep 21, 2014","3,464","1,886",88,"7,419","1,310","1,959"
"Sep 22, 2014","4,772","2,546",179,"10,055","1,994","2,880"
"Sep 23, 2014","4,346","2,270",186,"9,563","1,881","2,641"
"Sep 24, 2014","4,290","2,283",212,"9,591","1,717","2,668"
"Sep 25, 2014","3,858","1,983",116,"8,782","1,537","2,440"
"Sep 26, 2014","6,796","3,010",149,"32,306","2,647","4,199"
"Sep 27, 2014","3,079","1,522",51,"7,331","1,160","1,909"
"Sep 28, 2014","3,411","1,824",81,"7,667","1,423","1,946"
"Sep 29, 2014","4,755","2,404",145,"13,635","1,981","2,852"
"Sep 30, 2014","4,465","2,292",177,"11,612","1,715","2,646"
"Oct 1, 2014","4,500","2,201",167,"10,530","2,165","2,966"
"Oct 2, 2014","4,822","2,351",199,"11,702","2,427","3,084"
"Oct 3, 2014","4,667","2,171",162,"10,993","2,314","2,928"
"Oct 4, 2014","4,001","1,830",127,"9,905","1,907","2,488"
"Oct 5, 2014","4,294","2,075",87,"10,421","2,026","2,614"
"Oct 6, 2014","5,516","2,709",276,"13,192","2,729","3,686"
"Oct 7, 2014","5,531","2,662",247,"13,274","2,741","3,579"
"Oct 8, 2014","5,458","2,584",237,"13,385","2,830","3,575"
"Oct 9, 2014","6,019","2,735",269,"14,616","3,339","3,889"
"Oct 10, 2014","5,740","2,610",212,"14,226","3,113","3,697"
"Oct 11, 2014","5,396","2,445",158,"13,572","2,788","3,384"
"Oct 12, 2014","5,627","2,537",129,"14,160","3,029","3,384"
"Oct 13, 2014","6,613","3,109",308,"16,412","3,546","4,235"
"Oct 14, 2014","6,198","2,880",258,"15,428","3,198","4,163"
"Oct 15, 2014","5,902","2,733",229,"14,963","3,120","3,908"
"Oct 16, 2014","5,281","2,387",214,"14,289","2,666","3,613"
"Oct 17, 2014","5,765","2,543",173,"15,445","2,865","3,695"
"Oct 18, 2014","4,793","2,105",133,"12,477","2,362","3,095"
"Oct 19, 2014","5,153","2,369",105,"13,149","2,645","3,245"
"Oct 20, 2014","7,805","3,593",303,"23,183","4,826","4,973"
"Oct 21, 2014","7,548","3,428",309,"20,428","4,811","4,900"
"Oct 22, 2014","5,625","2,560",194,"15,323","3,116","3,818"
"Oct 23, 2014","5,189","2,461",208,"13,245","2,732","3,526"
"Oct 24, 2014","5,009","2,274",162,"12,686","2,388","3,396"
"Oct 25, 2014","4,528","2,043",101,"11,525","1,422","2,908"
"Oct 26, 2014","4,982","2,307",85,"12,868","1,685","3,147"
"Oct 27, 2014","5,484","2,522",184,"14,182","1,970","3,816"
"Oct 28, 2014","5,234","2,498",203,"13,239","1,729","3,432"
"Oct 29, 2014","4,901","2,456",145,"12,115","1,513","3,069"
"Oct 30, 2014","4,719","2,466",148,"12,266","1,519","3,118"
"Oct 31, 2014","3,658","1,856",97,"8,987","1,173","2,430"
"Nov 1, 2014","2,852","1,596",84,"6,549",943,"1,931"
"Nov 2, 2014","3,517","1,950",47,"7,523","1,176","2,060"
"Nov 3, 2014","4,791","2,711",124,"10,122","1,542","3,175"
"Nov 4, 2014","4,863","2,681",163,"10,646","1,609","3,302"
"Nov 5, 2014","5,632","2,945",187,"12,524","1,876","3,581"
"Nov 6, 2014","5,540","2,903",7,"12,226","1,672","3,597"
"Nov 7, 2014","4,806","2,463",0,"10,606","1,432","3,079"
"Nov 8, 2014","4,531","2,332",0,"10,186","1,466","2,712"
"Nov 9, 2014","5,125","2,664",0,"10,868","1,499","2,855"
"Nov 10, 2014","6,675","3,408",77,"15,766","2,066","4,263"
"Nov 11, 2014","6,828","3,517",168,"15,570","2,202","4,471"
"Nov 12, 2014","6,565","3,322",15,"16,127","2,077","4,472"
"Nov 13, 2014","6,874","3,302",89,"19,678","1,964","5,056"
"Nov 14, 2014","6,871","3,294",233,"21,708","1,902","4,911"
"Nov 15, 2014","5,145","2,501",115,"16,810","1,384","3,663"
"Nov 16, 2014","4,986","2,413",117,"16,440","1,414","3,370"
"Nov 17, 2014","5,574","2,745",120,"14,773","1,539","3,542"
"Nov 18, 2014","4,957","2,593",244,"11,161","1,553","3,589"
"Nov 19, 2014","4,832","2,486",176,"11,012","1,568","3,411"
"Nov 20, 2014","4,947","2,629",172,"11,411","1,522","3,294"
"Nov 21, 2014","4,310","2,261",171,"10,218","1,311","2,908"
"Nov 22, 2014","3,849","1,936",138,"9,594","1,177","2,630"
"Nov 23, 2014","4,371","2,142",66,"10,083","1,343","2,496"
"Nov 24, 2014","5,423","2,649",132,"12,421","1,748","3,436"
"Nov 25, 2014","4,970","2,588",139,"11,985","1,654","3,301"
"Nov 26, 2014","4,701","2,394",149,"12,469","1,526","3,241"
"Nov 27, 2014","4,404","2,263",115,"11,452","1,379","3,021"
"Nov 28, 2014","3,769","1,917",155,"9,423","1,127","2,703"
"Nov 29, 2014","3,412","1,740",70,"8,499","1,008","2,271"
"Nov 30, 2014","3,602","1,867",73,"8,664","1,208","2,356"
"Dec 1, 2014","4,899","2,485",213,"13,038","1,604","3,635"
"Dec 2, 2014","5,591","2,849",236,"15,198","1,582","3,792"
"Dec 3, 2014","5,521","2,821",166,"14,849","1,655","3,778"
"Dec 4, 2014","5,038","2,510",169,"13,773","1,460","3,596"
"Dec 5, 2014","4,534","2,186",118,"12,448","1,276","3,219"
"Dec 6, 2014","3,524","1,725",95,"9,738",982,"2,377"
"Dec 7, 2014","3,907","1,937",41,"10,462","1,212","2,326"
"Dec 8, 2014","5,046","2,633",227,"12,901","1,640","3,610"
"Dec 9, 2014","4,973","2,537",165,"12,501","1,517","3,420"
"Dec 10, 2014","5,529","2,731",261,"15,051","1,695","3,735"
"Dec 11, 2014","5,257","2,680",164,"15,468","1,669","3,351"
"Dec 12, 2014","4,821","2,355",167,"14,493","1,343","3,103"
"Dec 13, 2014","4,610","2,168",107,"14,740","1,305","2,819"
"Dec 14, 2014","4,858","2,304",99,"14,906","1,408","2,956"
"Dec 15, 2014","6,282","3,063",281,"16,824","1,733","4,070"
"Dec 16, 2014","6,111","2,907",250,"18,958","1,835","4,154"
"Dec 17, 2014","5,081","2,533",241,"18,189","1,523","3,595"
"Dec 18, 2014","3,632","1,869",178,"8,718","1,233","2,396"
"Dec 19, 2014","3,276","1,684",120,"7,735","1,080","2,157"
"Dec 20, 2014","2,644","1,318",52,"6,242",828,"1,610"
"Dec 21, 2014","2,752","1,391",25,"6,453",854,"1,671"
"Dec 22, 2014","3,966","2,060",112,"8,788","1,380","2,454"
"Dec 23, 2014","3,475","1,812",93,"7,767","1,219","2,267"
"Dec 24, 2014","2,167","1,130",23,"5,192",716,"1,460"
"Dec 25, 2014","2,180","1,067",18,"4,893",734,"1,287"
"Dec 26, 2014","3,649","1,951",197,"7,818","1,310","2,137"
"Dec 27, 2014","2,692","1,397",69,"6,083",921,"1,591"
"Dec 28, 2014","2,870","1,489",75,"6,286","1,013","1,595"
"Dec 29, 2014","4,100","2,158",129,"8,841","1,466","2,482"
"Dec 30, 2014","3,568","1,913",137,"7,868","1,275","2,209"
"Dec 31, 2014","2,210","1,155",36,"5,058",812,"1,427"
"Jan 1, 2015","2,091","1,106",33,"4,653",713,"1,249"
"Jan 2, 2015","3,852","2,119",121,"8,382","1,455","2,500"
"Jan 3, 2015","3,038","1,641",98,"6,723","1,033","1,748"
"Jan 4, 2015","3,035","1,699",94,"6,633","1,129","1,748"
"Jan 5, 2015","4,225","2,274",163,"9,159","1,498","2,764"
"Jan 6, 2015","3,923","2,149",198,"8,656","1,457","2,499"
"Jan 7, 2015","4,237","2,356",134,"9,149","1,443","2,627"
"Jan 8, 2015","4,514","2,450",146,"10,160","1,631","2,804"
"Jan 9, 2015","4,114","2,200",138,"9,616","1,490","2,487"
"Jan 10, 2015","3,325","1,767",115,"8,057","1,169","1,848"
"Jan 11, 2015","3,125","1,672",63,"7,804","1,269","1,710"
"Jan 12, 2015","5,929","2,988",169,"16,209","2,107","3,321"
"Jan 13, 2015","5,861","2,892",246,"15,693","2,012","3,183"
"Jan 14, 2015","7,462","3,831",260,"25,240","2,681","4,043"
"Jan 15, 2015","5,127","2,660",151,"13,432","1,746","2,887"
"Jan 16, 2015","4,826","2,491",157,"13,864","1,549","2,716"
"Jan 17, 2015","4,029","2,046",151,"12,321","1,356","2,159"
"Jan 18, 2015","4,705","2,411",59,"14,036","1,538","2,365"
"Jan 19, 2015","6,702","3,369",174,"18,099","2,190","3,868"
"Jan 20, 2015","6,110","3,164",194,"16,444","2,126","3,547"
"Jan 21, 2015","6,412","3,364",162,"17,115","2,207","3,687"
"Jan 22, 2015","6,683","3,436",171,"18,095","3,015","4,148"
"Jan 23, 2015","5,588","2,922",182,"15,934","2,518","3,342"
"Jan 24, 2015","5,113","2,685",117,"15,163","2,185","2,542"
"Jan 25, 2015","5,470","2,835",86,"15,497","2,476","2,676"
"Jan 26, 2015","6,266","3,511",163,"17,685","1,576","4,383"
"Jan 27, 2015","6,119","3,133",196,"17,529","2,519","3,499"
"Jan 28, 2015","5,684","3,017",221,"16,244","2,523","3,415"
"Jan 29, 2015","5,012","2,554",129,"15,164","1,683","3,013"
"Jan 30, 2015","4,380","2,269",121,"12,970","1,432","2,728"
"Jan 31, 2015","3,887","1,957",86,"13,412","1,260","2,157"
"Feb 1, 2015","3,570","1,872",72,"11,185","1,325","1,856"
"Feb 2, 2015","4,351","2,314",78,"14,005","1,544","2,342"
"Feb 3, 2015","5,037","2,676",173,"13,901","1,733","3,046"
"Feb 4, 2015","7,201","3,661",232,"22,278","2,483","3,682"
"Feb 5, 2015","4,952","2,584",186,"14,743","1,714","2,973"
"Feb 6, 2015","4,721","2,401",161,"14,760","1,590","2,942"
"Feb 7, 2015","4,060","2,100",95,"13,382","1,370","2,298"
"Feb 8, 2015","4,306","2,221",47,"13,829","1,583","2,262"
"Feb 9, 2015","5,286","2,787",206,"15,220","1,761","3,114"
"Feb 10, 2015","5,258","2,725",183,"16,128","1,763","3,271"
"Feb 11, 2015","6,681","3,378",196,"24,499","2,161","3,945"
"Feb 12, 2015","4,772","2,416",116,"14,701","1,716","2,932"
"Feb 13, 2015","4,405","2,210",132,"13,407","1,510","2,789"
"Feb 14, 2015","3,197","1,715",63,"9,996","1,043","1,831"
"Feb 15, 2015","3,869","2,020",69,"12,702","1,416","2,083"
"Feb 16, 2015","4,892","2,661",174,"13,110","1,763","2,978"
"Feb 17, 2015","5,646","2,947",174,"18,507","1,869","3,249"
"Feb 18, 2015","4,557","2,443",305,"13,103","1,638","2,808"
"Feb 19, 2015","4,776","2,461",192,"15,608","1,327","2,849"
"Feb 20, 2015","4,216","2,173",117,"12,917","1,350","2,500"
"Feb 21, 2015","3,573","1,873",82,"9,079","1,255","1,934"
"Feb 22, 2015","3,871","2,073",78,"10,150","1,458","2,083"
"Feb 23, 2015","4,721","2,524",257,"12,695","1,323","3,062"
"Feb 24, 2015","4,709","2,556",189,"11,435","1,607","2,864"
"Feb 25, 2015","4,384","2,296",137,"10,839","1,549","2,565"
"Feb 26, 2015","4,452","2,349",163,"12,125","1,597","2,663"
"Feb 27, 2015","3,504","1,816",114,"8,883","1,203","2,175"
"Feb 28, 2015","3,063","1,658",105,"7,653","1,110","1,832"
"Mar 1, 2015","3,189","1,772",83,"7,264","1,199","1,798"
"Mar 2, 2015","4,230","2,309",180,"10,136","1,594","2,733"
"Mar 3, 2015","4,114","2,225",262,"9,376","1,479","2,662"
"Mar 4, 2015","3,821","2,124",116,"8,891","1,735","2,402"
"Mar 5, 2015","3,765","2,074",132,"8,788","1,686","2,501"
"Mar 6, 2015","3,669","1,979",116,"8,707","1,460","3,068"
"Mar 7, 2015","3,216","1,680",85,"7,569","1,328","1,948"
"Mar 8, 2015","3,332","1,861",63,"7,570","1,542","1,887"
"Mar 9, 2015","5,770","3,153",162,"10,985","1,563","5,208"
"Mar 10, 2015","5,881","3,183",140,"10,891","1,962","3,015"
"Mar 11, 2015","5,378","2,872",151,"9,958","1,676","2,712"
"Mar 12, 2015","5,098","2,729",92,"9,545","1,566","2,663"
"Mar 13, 2015","4,412","2,305",114,"8,280","1,312","2,383"
"Mar 14, 2015","4,255","2,188",120,"7,719","1,420","2,017"
"Mar 15, 2015","4,577","2,333",55,"8,240","1,496","2,021"
"Mar 16, 2015","5,218","2,691",69,"9,473","1,721","2,490"
"Mar 17, 2015","5,603","2,984",139,"10,534","1,808","3,138"
"Mar 18, 2015","5,381","2,867",151,"9,965","1,761","3,001"
"Mar 19, 2015","5,866","3,224",117,"10,912","1,812","3,113"
"Mar 20, 2015","5,325","2,813",106,"10,229","1,641","3,063"
"Mar 21, 2015","4,573","2,368",75,"8,424","1,362","2,310"
"Mar 22, 2015","5,083","2,665",52,"8,879","1,599","2,349"
"Mar 23, 2015","6,253","3,322",171,"11,854","2,029","3,508"
"Mar 24, 2015","5,522","2,982",121,"10,472","1,734","3,093"
"Mar 25, 2015","5,384","2,938",119,"10,179","1,757","2,983"
"Mar 26, 2015","4,943","2,635",83,"9,391","1,488","2,852"
"Mar 27, 2015","4,776","2,548",148,"9,449","1,320","2,901"
"Mar 28, 2015","4,307","2,202",78,"8,048","1,269","2,251"
"Mar 29, 2015","4,571","2,341",39,"8,104","1,360","2,230"
"Mar 30, 2015","5,795","3,034",225,"11,300","1,618","3,373"
"Mar 31, 2015","5,204","2,725",119,"10,317","1,617","3,071"
"Apr 1, 2015","4,449","2,401",78,"8,672","1,302","2,653"
"Apr 2, 2015","3,696","1,939",68,"6,920","1,076","2,022"
"Apr 3, 2015","3,247","1,671",40,"6,089","1,015","1,722"
"Apr 4, 2015","3,162","1,639",55,"5,991",960,"1,678"
"Apr 5, 2015","3,382","1,790",33,"6,316","1,113","1,745"
"Apr 6, 2015","5,905","3,136",190,"12,286","1,844","3,285"
"Apr 7, 2015","7,370","3,692",207,"17,022","2,176","3,602"
"Apr 8, 2015","6,366","3,311",124,"14,619","1,861","3,513"
"Apr 9, 2015","6,290","3,287",112,"13,653","1,789","3,468"
"Apr 10, 2015","5,716","2,886",96,"12,744","1,633","3,180"
"Apr 11, 2015","5,063","2,479",104,"11,515","1,449","2,600"
"Apr 12, 2015","5,467","2,663",56,"12,204","1,542","2,679"
"Apr 13, 2015","7,627","3,884",125,"18,359","2,139","4,182"
"Apr 14, 2015","6,920","3,505",142,"15,479","1,921","3,809"
"Apr 15, 2015","6,392","3,315",212,"14,203","1,761","3,505"
"Apr 16, 2015","6,281","3,226",158,"14,330","1,713","3,608"
"Apr 17, 2015","5,620","2,909",211,"12,523","1,526","3,252"
"Apr 18, 2015","5,262","2,551",63,"11,475","1,506","2,744"
"Apr 19, 2015","5,742","2,772",107,"12,708","1,644","2,907"
"Apr 20, 2015","7,576","3,926",176,"17,654","2,104","4,867"
"Apr 21, 2015","6,466","3,312",141,"14,733","1,807","3,990"
"Apr 22, 2015","5,779","2,950",186,"13,126","1,552","3,458"
"Apr 23, 2015","6,108","3,205",143,"14,102","1,726","3,541"
"Apr 24, 2015","9,307","4,505",163,"22,407","2,438","6,505"
"Apr 25, 2015","5,880","2,814",104,"14,451","1,613","3,347"
"Apr 26, 2015","5,972","2,865",76,"13,751","1,689","3,059"
"Apr 27, 2015","7,697","3,956",123,"18,170","2,171","4,437"
"Apr 28, 2015","9,086","4,523",117,"27,711","2,481","5,047"
"Apr 29, 2015","14,203","5,772",176,"43,129","3,254","6,841"
"Apr 30, 2015","7,429","3,306",127,"22,593","1,781","4,395"
"May 1, 2015","6,197","2,626",48,"17,553","1,409","3,334"
"May 2, 2015","5,550","2,474",65,"15,109","1,330","3,020"
"May 3, 2015","5,468","2,435",77,"15,119","1,312","3,040"
"May 4, 2015","7,361","3,613",188,"17,959","2,016","4,158"
"May 5, 2015","6,532","3,141",123,"16,140","1,731","3,727"
"May 6, 2015","6,199","3,066",153,"16,079","1,606","3,691"
"May 7, 2015","6,179","3,074",188,"15,184","1,493","3,631"
"May 8, 2015","5,743","2,768",291,"14,412","1,462","3,328"
"May 9, 2015","4,833","2,281",41,"12,024","1,161","2,617"
"May 10, 2015","5,065","2,334",54,"12,738","1,389","2,588"
"May 11, 2015","6,972","3,587",191,"16,849","1,895","4,078"
"May 12, 2015","7,283","3,682",136,"16,974","1,887","4,041"
"May 13, 2015","7,243","3,691",210,"16,498","1,811","4,022"
"May 14, 2015","6,560","3,349",96,"15,142","1,701","3,698"
"May 15, 2015","6,219","3,052",167,"14,271","1,503","3,461"
"May 16, 2015","5,523","2,656",111,"13,177","1,389","2,897"
"May 17, 2015","5,547","2,592",59,"13,247","1,417","2,792"
"May 18, 2015","7,471","3,856",143,"17,671","1,939","4,523"
"May 19, 2015","7,610","3,952",144,"17,724","1,947","4,392"
"May 20, 2015","7,484","3,810",152,"17,799","1,739","4,260"
"May 21, 2015","7,133","3,524",111,"17,451","1,505","3,941"
"May 22, 2015","7,430","3,575",92,"19,310","1,637","4,046"
"May 23, 2015","6,368","2,976",81,"17,820","1,397","3,314"
"May 24, 2015","6,751","3,073",64,"18,333","1,326","3,326"
"May 25, 2015","8,125","4,063",191,"20,772","1,825","4,488"
"May 26, 2015","7,905","4,056",133,"20,639","1,754","4,382"
"May 27, 2015","7,693","3,779",103,"20,556","1,696","4,439"
"May 28, 2015","7,446","3,688",159,"20,880","1,606","4,369"
"May 29, 2015","6,200","3,014",109,"17,599","1,278","3,642"
"May 30, 2015","5,353","2,540",34,"15,670","1,110","2,955"
"May 31, 2015","6,075","2,923",33,"15,806","1,281","3,303"
"Jun 1, 2015","6,250","3,321",166,"13,473","1,558","3,730"
"Jun 2, 2015","6,501","3,439",83,"14,682","1,604","3,813"
"Jun 3, 2015","6,374","3,347",113,"14,059","1,635","3,865"
"Jun 4, 2015","7,064","3,664",172,"16,730","1,743","4,014"
"Jun 5, 2015","7,196","3,605",124,"17,469","1,755","4,937"
"Jun 6, 2015","5,560","2,672",99,"13,757","1,254","3,203"
"Jun 7, 2015","5,884","2,773",61,"13,948","1,388","3,278"
"Jun 8, 2015","7,010","3,652",150,"16,384","1,832","4,217"
"Jun 9, 2015","7,865","3,894",138,"19,178","1,837","4,815"
"Jun 10, 2015","8,470","4,176",102,"21,205","1,931","5,213"
"Jun 11, 2015","8,043","4,026",168,"20,098","1,850","4,899"
"Jun 12, 2015","6,781","3,342",103,"17,361","1,620","4,097"
"Jun 13, 2015","5,864","2,738",44,"14,859","1,378","3,344"
"Jun 14, 2015","6,574","3,032",76,"16,572","1,510","3,652"
"Jun 15, 2015","7,321","3,672",113,"18,037","1,873","4,477"
"Jun 16, 2015","6,489","3,301",135,"16,364","1,629","4,074"
"Jun 17, 2015","6,353","3,224",113,"15,490","1,688","3,937"
"Jun 18, 2015","6,014","3,146",115,"15,705","1,435","3,864"
"Jun 19, 2015","5,751","2,846",94,"17,226","1,146","3,879"
"Jun 20, 2015","5,273","2,502",50,"15,540",970,"3,486"
"Jun 21, 2015","5,273","2,518",54,"15,757","1,045","3,447"
"Jun 22, 2015","7,218","3,707",119,"18,976","1,681","4,660"
"Jun 23, 2015","6,666","3,457",172,"17,376","1,536","4,263"
"Jun 24, 2015","6,038","3,093",130,"15,519","1,402","4,056"
"Jun 25, 2015","6,052","3,146",143,"15,743","1,410","3,919"
"Jun 26, 2015","5,618","2,966",183,"14,487","1,291","3,732"
"Jun 27, 2015","4,726","2,314",89,"12,564",975,"3,005"
"Jun 28, 2015","5,342","2,702",69,"13,652","1,139","3,333"
"Jun 29, 2015","6,411","3,365",249,"16,255","1,572","4,347"
"Jun 30, 2015","5,198","2,830",121,"11,612","1,333","3,477"
"Jul 1, 2015","4,976","2,763",132,"10,760","1,248","3,232"
"Jul 2, 2015","5,054","2,782",131,"10,716","1,388","3,373"
"Jul 3, 2015","4,675","2,559",151,"10,370","1,144","3,030"
"Jul 4, 2015","4,012","2,153",90,"9,986",925,"2,471"
"Jul 5, 2015","4,248","2,267",43,"10,053",976,"2,589"
"Jul 6, 2015","6,840","3,622",183,"14,596","1,324","4,018"
"Jul 7, 2015","6,678","3,395",141,"15,121","1,267","4,109"
"Jul 8, 2015","10,504","4,273",22,"23,373","2,659","4,511"
"Jul 9, 2015","10,589","4,212",0,"22,925","2,636","5,505"
"Jul 10, 2015","10,289","4,088",0,"22,508","2,573","5,589"
"Jul 11, 2015","8,273","3,181",0,"18,745","1,985","5,051"
"Jul 12, 2015","8,141","3,067",0,"18,487","1,964","5,127"
"Jul 13, 2015","11,242","4,643",0,"24,953","2,836","6,823"
"Jul 14, 2015","10,563","4,362",0,"23,376","2,775","6,819"
"Jul 15, 2015","9,971","4,172",0,"23,022","2,514","6,323"
"Jul 16, 2015","10,121","4,077",0,"23,557","2,316","6,787"
"Jul 17, 2015","9,157","3,640",0,"21,307","2,124","6,645"
"Jul 18, 2015","7,824","3,108",0,"18,734","1,896","5,530"
"Jul 19, 2015","8,948","3,356",0,"21,307","2,024","6,159"
"Jul 20, 2015","10,726","4,324",0,"24,257","2,132","8,449"
"Jul 21, 2015","10,676","4,355",0,"24,503","2,616","8,387"
"Jul 22, 2015","10,424","4,245",0,"24,551","2,836","7,600"
"Jul 23, 2015","10,026","4,114",0,"22,098","2,853","6,909"
"Jul 24, 2015","8,136","3,353",0,"18,147","2,454","5,658"
"Jul 25, 2015","6,712","2,561",0,"15,409","1,901","4,387"
"Jul 26, 2015","7,711","3,000",0,"16,799","2,378","4,479"
"Jul 27, 2015","10,670","4,267",0,"28,059","3,123","6,204"
"Jul 28, 2015","9,360","3,746",0,"20,597","2,672","5,763"
"Jul 29, 2015","10,130","3,903",0,"23,390","2,717","6,212"
"Jul 30, 2015","9,755","3,650",0,"23,526","2,573","6,523"
"Jul 31, 2015","8,170","2,945",0,"21,360","2,054","5,859"
"Aug 1, 2015","6,018","2,085",0,"16,815","1,476","5,112"
"Aug 2, 2015","6,639","2,248",0,"18,053","1,624","5,468"
"Aug 3, 2015","8,281","2,964",0,"20,898","2,056","6,894"
"Aug 4, 2015","8,183","2,953",0,"20,629","2,205","6,894"
"Aug 5, 2015","7,829","2,741",0,"20,424","1,969","6,755"
"Aug 6, 2015","7,168","2,832",0,"15,200","2,060","5,722"
"Aug 7, 2015","6,008","2,540",0,"11,952","1,759","4,651"
"Aug 8, 2015","5,208","2,021",0,"10,829","1,205","3,989"
"Aug 9, 2015","5,960","1,902",0,"14,593",0,"4,700"
"Aug 10, 2015","7,012","3,186",0,"13,826","2,294","5,044"
"Aug 11, 2015","8,843","3,762",0,"19,241","3,114","6,607"
"Aug 12, 2015","9,056","3,403",0,"25,037","2,862","7,679"
"Aug 13, 2015","9,590","3,245",0,"26,658","2,727","8,745"
"Aug 14, 2015","8,594","2,749",0,"25,188","2,378","8,385"
"Aug 15, 2015","7,898","2,309",0,"23,726","1,994","8,158"
"Aug 16, 2015","7,623","2,404",0,"16,879","2,124","6,547"
"Aug 17, 2015","8,499","3,541",0,"17,883","2,685","6,907"
"Aug 18, 2015","7,661","3,294",0,"15,269","2,526","6,090"
"Aug 19, 2015","7,043","3,007",0,"14,825","2,275","5,577"
"Aug 20, 2015","7,006","3,030",0,"16,398","2,307","5,614"
"Aug 21, 2015","6,890","2,863",0,"16,235","2,132","5,318"
"Aug 22, 2015","5,789","2,335",0,"13,491","1,790","4,581"
"Aug 23, 2015","6,342","2,725",0,"14,008","2,209","4,712"
"Aug 24, 2015","7,140","3,098",0,"15,990","2,314","5,727"
"Aug 25, 2015","7,193","3,131",0,"15,296","2,239","5,659"
"Aug 26, 2015","7,221","3,151",0,"15,659","2,123","5,409"
"Aug 27, 2015","4,916","2,078",0,"14,779","1,495","4,114"
"Aug 28, 2015","3,966","1,663",0,"13,337","1,336","3,494"
"Aug 29, 2015","3,235","1,290",0,"11,971",993,"3,165"
"Aug 30, 2015","3,493","1,391",0,"12,022","1,093","3,192"
"Aug 31, 2015","6,778","3,093",0,"20,400","2,331","5,600"
"Sep 1, 2015","5,337","2,576",0,"11,248","1,989","4,728"
"Sep 2, 2015","5,485","2,582",0,"10,760","1,779","4,488"
"Sep 3, 2015","5,207","2,417",0,"9,976","1,520","4,173"
"Sep 4, 2015","5,309","2,329",0,"11,327","1,459","4,191"
"Sep 5, 2015","5,186","2,195",0,"10,926","1,415","4,004"
"Sep 6, 2015","5,620","2,446",0,"11,724","1,666","4,252"
"Sep 7, 2015","7,279","3,125",0,"15,606","2,179","5,753"
"Sep 8, 2015","7,275","3,070",0,"18,822","2,086","5,933"
"Sep 9, 2015","7,085","1,746",0,"20,680",486,"7,445"
"Sep 10, 2015","11,893","5,218",0,"27,040","3,489","10,519"
"Sep 11, 2015","9,364","3,991",0,"22,402","2,884","8,494"
"Sep 12, 2015","7,798","3,037",0,"20,605","2,249","7,505"
"Sep 13, 2015","8,360","3,138",0,"21,884","2,234","7,937"
"Sep 14, 2015","9,175","3,640",0,"23,738","2,518","9,220"
"Sep 15, 2015","7,905","2,894",0,"21,795","2,099","8,373"
"Sep 16, 2015","8,565","3,011",0,"24,407","2,066","8,675"
"Sep 17, 2015","9,290","3,527",0,"24,529","2,474","9,497"
"Sep 18, 2015","8,166","3,029",0,"22,795","2,087","8,470"
"Sep 19, 2015","7,284","2,486",0,"22,071","1,780","8,103"
"Sep 20, 2015","7,939","2,828",0,"22,544","1,973","8,427"
"Sep 21, 2015","9,411","3,538",0,"25,093","2,474","9,726"
"Sep 22, 2015","8,741","3,355",1,"23,519","2,274","8,889"
"Sep 23, 2015","8,396","3,196",216,"22,837","2,213","8,540"
"Sep 24, 2015","8,523","3,330",220,"21,821","2,269","8,173"
"Sep 25, 2015","7,020","2,829",187,"17,686","1,897","6,566"
"Sep 26, 2015","6,346","2,542",169,"16,306","1,810","5,477"
"Sep 27, 2015","8,156","3,071",139,"22,236","2,254","6,526"
"Sep 28, 2015","10,688","4,241",238,"29,088","2,968","8,845"
"Sep 29, 2015","8,927","3,369",221,"23,537","2,463","7,519"
"Sep 30, 2015","8,522","3,363",120,"21,819","2,368","7,254"
"Oct 1, 2015","6,497","2,635",158,"15,560","1,712","6,389"
"Oct 2, 2015","5,865","2,275",112,"14,659","1,516","6,026"
"Oct 3, 2015","5,506","2,047",108,"14,181","1,389","5,430"
"Oct 4, 2015","6,236","2,438",87,"15,896","1,707","6,033"
"Oct 5, 2015","7,812","3,134",239,"19,001","2,191","7,360"
"Oct 6, 2015","7,392","2,921",227,"18,215","1,982","7,139"
"Oct 7, 2015","7,592","2,952",188,"18,801","2,035","7,170"
"Oct 8, 2015","7,502","2,939",172,"19,643","2,030","7,194"
"Oct 9, 2015","8,206","3,016",116,"21,206","2,019","7,340"
"Oct 10, 2015","7,076","2,531",122,"17,390","1,842","5,963"
"Oct 11, 2015","6,949","2,753",123,"16,052","1,968","5,616"
"Oct 12, 2015","9,453","3,983",189,"22,348","2,841","7,329"
"Oct 13, 2015","9,331","3,959",225,"21,721","2,806","7,288"
"Oct 14, 2015","8,437","3,478",277,"19,319","2,481","6,726"
"Oct 15, 2015","7,936","3,323",160,"18,073","2,356","6,206"
"Oct 16, 2015","6,860","2,775",160,"16,958","2,006","5,813"
"Oct 17, 2015","6,503","2,593",113,"15,534","1,886","5,242"
"Oct 18, 2015","7,556","2,999",94,"17,513","2,212","5,786"
"Oct 19, 2015","9,555","4,031",225,"23,534","2,901","7,378"
"Oct 20, 2015","7,632","3,217",258,"17,703","2,235","6,330"
"Oct 21, 2015","6,721","3,462",158,"16,305","2,251","5,804"
"Oct 22, 2015","6,794","3,480",179,"16,842","2,124","5,833"
"Oct 23, 2015","5,626","2,841",142,"14,694","1,900","5,107"
"Oct 24, 2015","5,706","2,746",120,"14,648","1,711","4,777"
"Oct 25, 2015","7,137","3,478",106,"17,176","2,298","5,647"
"Oct 26, 2015","7,602","3,966",255,"18,434","2,418","6,527"
"Oct 27, 2015","7,267","3,715",194,"17,586","2,372","6,067"
"Oct 28, 2015","7,065","3,707",8,"16,639","2,319","6,062"
"Oct 29, 2015","6,423","3,251",227,"15,482","2,157","5,510"
"Oct 30, 2015","5,952","3,027",196,"14,865","1,890","5,205"
"Oct 31, 2015","5,453","2,542",160,"14,157","1,677","4,675"
"Nov 1, 2015","5,270","2,652",245,"12,602","1,678","4,473"
"Nov 2, 2015","7,010","3,581",303,"16,239","2,218","5,906"
"Nov 3, 2015","7,227","3,853",335,"16,994","2,534","6,523"
"Nov 4, 2015","6,997","3,725",313,"17,054","2,189","6,179"
"Nov 5, 2015","7,609","3,984",363,"18,332","2,381","6,290"
"Nov 6, 2015","7,577","3,776",235,"19,423","2,134","6,490"
"Nov 7, 2015","6,903","3,300",183,"17,765","1,972","5,890"
"Nov 8, 2015","7,457","3,608",232,"18,937","2,153","6,236"
"Nov 9, 2015","9,364","4,703",332,"23,785","2,750","8,149"
"Nov 10, 2015","9,023","4,430",337,"23,544","2,604","7,790"
"Nov 11, 2015","9,669","4,780",320,"25,364","2,720","8,645"
"Nov 12, 2015","9,802","4,649",366,"26,922","2,581","9,050"
"Nov 13, 2015","8,561","4,058",268,"24,346","2,096","8,054"
"Nov 14, 2015","7,217","3,258",182,"21,296","1,855","6,475"
"Nov 15, 2015","7,106","3,171",191,"21,441","1,918","6,596"
"Nov 16, 2015","7,423","3,475",105,"20,392","1,988","6,616"
"Nov 17, 2015","7,002","3,607",50,"17,657","1,952","6,868"
"Nov 18, 2015","6,504","3,369",20,"15,676","1,872","6,071"
"Nov 19, 2015","6,293","3,329",37,"14,715","1,818","5,595"
"Nov 20, 2015","5,981","2,978",40,"15,000","1,614","5,310"
"Nov 21, 2015","5,196","2,444",25,"13,565","1,445","4,611"
"Nov 22, 2015","6,070","3,005",21,"14,377","1,760","5,130"
"Nov 23, 2015","6,960","3,699",22,"15,926","2,046","6,142"
"Nov 24, 2015","6,808","3,554",30,"15,982","2,014","5,981"
"Nov 25, 2015","6,596","3,358",20,"15,781","1,881","5,931"
"Nov 26, 2015","6,130","3,133",50,"14,893","1,687","5,432"
"Nov 27, 2015","5,807","2,820",28,"14,239","1,595","5,332"
"Nov 28, 2015","5,180","2,565",11,"13,225","1,477","4,598"
"Nov 29, 2015","5,570","2,691",14,"13,483","1,546","4,739"
"Nov 30, 2015","6,787","3,452",31,"16,303","1,928","5,975"
"Dec 1, 2015","6,063","3,142",16,"14,095","1,756","5,588"
"Dec 2, 2015","6,151","3,109",45,"15,057","1,713","5,623"
"Dec 3, 2015","5,763","2,806",36,"15,193","1,459","5,359"
"Dec 4, 2015","5,364","2,518",38,"14,051","1,384","5,162"
"Dec 5, 2015","4,997","2,255",26,"12,355","1,246","4,507"
"Dec 6, 2015","5,454","2,477",18,"13,598","1,433","4,864"
"Dec 7, 2015","7,203","3,581",27,"17,703","2,062","6,465"
"Dec 8, 2015","7,307","3,569",58,"17,969","2,184","6,663"
"Dec 9, 2015","6,446","3,288",39,"15,246","1,991","5,905"
"Dec 10, 2015","5,501","2,799",36,"12,956","1,613","5,108"
"Dec 11, 2015","4,603","2,298",18,"10,832","1,329","4,259"
"Dec 12, 2015","4,465","2,139",34,"10,851","1,317","3,769"
"Dec 13, 2015","5,099","2,432",17,"12,336","1,540","4,285"
"Dec 14, 2015","6,550","3,377",45,"15,365","1,989","5,678"
"Dec 15, 2015","5,820","2,977",31,"14,033","1,732","5,094"
"Dec 16, 2015","5,380","2,789",28,"12,985","1,759","4,897"
"Dec 17, 2015","5,039","2,575",46,"11,971","1,558","4,466"
"Dec 18, 2015","5,385","2,420",123,"15,012","1,693","4,770"
"Dec 19, 2015","4,551","2,073",119,"12,519","1,384","4,002"
"Dec 20, 2015","6,000","2,607",112,"16,909","1,810","4,960"
"Dec 21, 2015","7,173","3,456",241,"18,260","2,347","6,045"
"Dec 22, 2015","5,967","2,940",219,"14,461","1,823","5,249"
"Dec 23, 2015","5,673","2,671",191,"15,016","1,689","5,894"
"Dec 24, 2015","3,496","1,665",60,"9,032","1,075","3,505"
"Dec 25, 2015","3,344","1,568",51,"8,198","1,031","3,158"
"Dec 26, 2015","4,125","2,143",121,"8,983","1,411","3,704"
"Dec 27, 2015","4,534","2,322",126,"9,402","1,511","3,706"
"Dec 28, 2015","6,132","3,249",261,"13,079","1,997","5,165"
"Dec 29, 2015","6,044","3,137",259,"13,766","2,021","5,128"
"Dec 30, 2015","5,506","2,865",165,"12,439","1,809","4,696"
"Dec 31, 2015","3,557","1,780",49,"8,366","1,229","3,138"
"Jan 1, 2016","2,909","1,540",36,"5,977",981,"2,706"
"Jan 2, 2016","3,725","2,108",95,"7,575","1,476","3,274"
"Jan 3, 2016","4,014","2,253",81,"7,984","1,427","3,521"
"Jan 4, 2016","5,405","3,108",188,"10,970","2,005","4,822"
"Jan 5, 2016","5,156","2,992",175,"10,125","1,956","4,429"
"Jan 6, 2016","4,800","2,818",160,"9,748","1,725","4,165"
"Jan 7, 2016","5,187","3,009",169,"10,211","1,880","4,386"
"Jan 8, 2016","4,597","2,643",165,"9,243","1,653","4,111"
"Jan 9, 2016","3,776","2,097",64,"7,680","1,351","3,241"
"Jan 10, 2016","4,105","2,296",87,"8,282","1,461","3,347"
"Jan 11, 2016","5,159","2,920",168,"10,333","1,893","4,470"
"Jan 12, 2016","5,267","3,005",184,"10,365","2,063","4,362"
"Jan 13, 2016","5,044","2,876",117,"10,166","1,914","4,322"
"Jan 14, 2016","5,411","2,951",148,"11,877","1,965","4,598"
"Jan 15, 2016","5,202","2,803",144,"11,945","1,869","4,553"
"Jan 16, 2016","4,642","2,383",49,"10,578","1,635","3,799"
"Jan 17, 2016","5,056","2,595",57,"10,685","1,712","3,990"
"Jan 18, 2016","6,286","3,359",184,"13,774","2,145","5,299"
"Jan 19, 2016","6,153","3,413",252,"13,125","2,170","5,098"
"Jan 20, 2016","6,030","3,405",314,"12,622","2,402","4,875"
"Jan 21, 2016","6,085","3,438",218,"12,929","2,426","5,157"
"Jan 22, 2016","6,033","3,224",194,"13,238","2,191","5,065"
"Jan 23, 2016","5,565","2,804",190,"12,692","1,878","4,581"
"Jan 24, 2016","5,805","2,886",128,"13,085","1,992","4,601"
"Jan 25, 2016","7,222","3,828",267,"15,996","2,588","6,156"
"Jan 26, 2016","7,025","3,813",239,"15,454","2,654","5,727"
"Jan 27, 2016","6,579","3,496",236,"14,793","2,425","5,589"
"Jan 28, 2016","5,784","3,132",161,"12,724","2,143","5,083"
"Jan 29, 2016","5,464","2,889",109,"12,006","1,916","4,790"
"Jan 30, 2016","4,995","2,535",160,"11,351","1,718","4,300"
"Jan 31, 2016","5,296","2,815",129,"11,496","1,947","4,358"
"Feb 1, 2016","5,247","2,973",125,"10,783","2,070","4,529"
"Feb 2, 2016","5,765","3,243",213,"12,042","2,291","5,127"
"Feb 3, 2016","5,677","3,253",176,"11,394","2,287","4,751"
"Feb 4, 2016","5,406","3,134",168,"11,244","2,121","4,717"
"Feb 5, 2016","5,251","2,836",369,"11,900","1,844","4,771"
"Feb 6, 2016","4,614","2,525",132,"9,692","1,744","4,033"
"Feb 7, 2016","4,787","2,573",121,"9,966","1,841","3,941"
"Feb 8, 2016","5,979","3,365",234,"14,116","2,348","5,249"
"Feb 9, 2016","6,233","3,370",257,"15,785","2,254","5,295"
"Feb 10, 2016","6,858","3,516",239,"18,973","2,410","6,438"
"Feb 11, 2016","6,839","3,667",243,"18,589","2,286","6,477"
"Feb 12, 2016","5,959","3,069",176,"16,613","2,145","5,683"
"Feb 13, 2016","5,164","2,517",108,"14,454","1,611","4,806"
"Feb 14, 2016","5,467","2,582",106,"14,727","1,772","4,937"
"Feb 15, 2016","7,324","3,734",236,"18,467","2,363","6,610"
"Feb 16, 2016","7,008","3,581",263,"18,175","2,206","6,419"
"Feb 17, 2016","7,890","3,836",257,"21,392","2,512","7,053"
"Feb 18, 2016","7,583","3,635",898,"20,395","2,038","6,989"
"Feb 19, 2016","6,730","3,252",838,"19,230","2,128","6,332"
"Feb 20, 2016","6,186","2,814",554,"17,965","1,973","5,766"
"Feb 21, 2016","6,536","3,042",550,"18,155","2,240","5,894"
"Feb 22, 2016","7,831","3,779",665,"21,868","2,520","7,449"
"Feb 23, 2016","7,268","3,459",707,"20,441","2,339","6,921"
"Feb 24, 2016","7,044","3,423",700,"19,816","2,276","6,761"
"Feb 25, 2016","6,745","3,095",739,"19,840","2,064","6,627"
"Feb 26, 2016","6,738","3,127",438,"19,957","1,963","6,453"
"Feb 27, 2016","6,138","2,734",482,"18,804","1,644","6,012"
"Feb 28, 2016","6,580","2,951",460,"19,996","1,927","6,261"
"Feb 29, 2016","7,582","3,644",597,"22,123","2,595","7,395"
"Mar 1, 2016","6,533","3,243",620,"16,837","2,282","6,589"
"Mar 2, 2016","6,773","3,323",540,"17,800","2,188","6,719"
"Mar 3, 2016","6,473","3,209",474,"15,613","2,061","6,198"
"Mar 4, 2016","5,658","2,832",432,"13,858","1,868","5,540"
"Mar 5, 2016","5,123","2,448",415,"12,776","1,735","4,754"
"Mar 6, 2016","5,888","2,886",385,"13,880","2,056","5,230"
"Mar 7, 2016","7,278","3,720",704,"18,048","2,529","6,544"
"Mar 8, 2016","7,562","3,824",751,"20,175","2,664","6,907"
"Mar 9, 2016","7,315","3,587",540,"20,790","2,480","6,851"
"Mar 10, 2016","6,888","3,401",700,"19,774","2,343","6,713"
"Mar 11, 2016","8,903","3,803",602,"24,512","2,750","7,680"
"Mar 12, 2016","7,672","3,438",520,"22,638","2,455","7,265"
"Mar 13, 2016","9,340","4,048",588,"30,353","2,958","8,381"
"Mar 14, 2016","9,855","4,475",840,"29,820","3,235","8,987"
"Mar 15, 2016","9,430","4,140",860,"27,403","3,037","8,515"
"Mar 16, 2016","8,280","3,684",675,"29,386","2,549","7,816"
"Mar 17, 2016","7,450","3,413",545,"27,048","2,179","7,419"
"Mar 18, 2016","7,577","3,320",521,"27,132","2,037","7,470"
"Mar 19, 2016","6,920","2,901",543,"27,559","1,907","6,937"
"Mar 20, 2016","8,613","3,478",542,"31,755","2,529","8,259"
"Mar 21, 2016","8,871","3,842",631,"32,311","2,736","8,765"
"Mar 22, 2016","9,026","3,850",907,"36,385","2,721","9,393"
"Mar 23, 2016","8,221","3,395",574,"34,644","2,114","8,982"
"Mar 24, 2016","7,718","2,919",423,"35,380","1,917","8,475"
"Mar 25, 2016","7,637","2,832",412,"35,043","1,900","8,459"
"Mar 26, 2016","7,563","2,679",351,"35,088","1,920","8,610"
"Mar 27, 2016","9,243","3,357",386,"42,896","2,260","10,153"
"Mar 28, 2016","11,794","4,415",770,"50,587","2,965","12,367"
"Mar 29, 2016","8,856","3,951",738,"28,878","2,697","10,042"
"Mar 30, 2016","8,254","3,802",568,"26,416","2,505","8,990"
"Mar 31, 2016","7,032","3,425",498,"18,061","2,146","7,427"
"Apr 1, 2016","5,253","2,597",506,"11,772","1,666","5,565"
"Apr 2, 2016","4,515","2,263",362,"9,881","1,388","4,655"
"Apr 3, 2016","4,401","2,216",364,"9,634","1,515","4,352"
"Apr 4, 2016","5,894","3,134",583,"12,623","2,253","5,596"
"Apr 5, 2016","5,597","2,983",604,"12,770","1,931","5,438"
"Apr 6, 2016","5,744","3,119",734,"13,789","2,125","5,453"
"Apr 7, 2016","5,999","3,126",517,"15,782","2,121","6,401"
"Apr 8, 2016","5,361","2,789",468,"13,093","1,898","5,333"
"Apr 9, 2016","4,803","2,423",447,"11,591","1,661","4,638"
"Apr 10, 2016","5,316","2,769",282,"12,382","2,067","4,968"
"Apr 11, 2016","6,475","3,512",492,"15,381","2,442","6,263"
"Apr 12, 2016","5,964","3,174",561,"14,222","2,213","5,661"
"Apr 13, 2016","6,539","3,440",676,"16,951","2,462","6,077"
"Apr 14, 2016","6,179","3,224",597,"15,724","2,180","5,786"
"Apr 15, 2016","5,784","3,088",396,"14,339","1,987","5,527"
"Apr 16, 2016","4,965","2,392",341,"13,276","1,688","4,702"
"Apr 17, 2016","5,627","2,883",364,"14,118","2,134","5,063"
"Apr 18, 2016","6,608","3,575",611,"15,770","2,523","6,229"
"Apr 19, 2016","6,344","3,352",464,"14,603","2,245","5,931"
"Apr 20, 2016","6,226","3,281",544,"15,157","2,332","5,834"
"Apr 21, 2016","6,545","3,352",524,"16,068","2,331","6,324"
"Apr 22, 2016","6,028","3,070",470,"14,895","2,163","5,899"
"Apr 23, 2016","4,954","2,428",416,"12,816","1,635","5,060"
"Apr 24, 2016","5,865","2,944",423,"14,553","2,120","5,480"
"Apr 25, 2016","6,966","3,838",552,"16,419","2,614","6,712"
"Apr 26, 2016","6,920","3,525",577,"17,624","2,324","6,578"
"Apr 27, 2016","6,290","3,222",593,"15,551","2,170","6,013"
"Apr 28, 2016","6,141","2,994",562,"18,750","2,067","5,749"
"Apr 29, 2016","5,204","2,523",580,"16,482","1,575","5,185"
"Apr 30, 2016","4,806","2,159",318,"15,980","1,491","4,879"
"May 1, 2016","4,604","2,295",324,"10,284","1,649","4,551"
"May 2, 2016","5,669","3,030",544,"12,336","2,058","5,516"
"May 3, 2016","5,396","2,965",543,"11,582","2,014","5,158"
"May 4, 2016","5,482","3,052",508,"11,919","2,019","5,229"
"May 5, 2016","2,616","2,525",447,"11,793","2,040","5,199"
"May 6, 2016","4,286","2,638",456,"10,874","1,884","4,758"
"May 7, 2016","4,273","2,318",405,"9,338","1,717","4,009"
"May 8, 2016","4,522","2,460",346,"9,711","1,796","4,172"
"May 9, 2016","5,743","3,157",567,"12,412","2,167","5,333"
"May 10, 2016","5,596","3,037",478,"13,188","2,126","5,105"
"May 11, 2016","9,908","4,679",621,"26,582","2,968","7,793"
"May 12, 2016","7,636","3,683",599,"20,290","2,308","6,779"
"May 13, 2016","7,032","3,382",481,"18,938","2,230","6,337"
"May 14, 2016","5,663","2,670",432,"16,077","1,750","5,334"
"May 15, 2016","6,110","2,920",392,"16,047","2,002","5,328"
"May 16, 2016","8,923","4,334",719,"24,190","2,908","7,396"
"May 17, 2016","9,065","4,241",654,"28,480","3,038","8,153"
"May 18, 2016","9,321","4,406",703,"28,813","2,862","7,805"
"May 19, 2016","7,570","3,705",591,"23,144","2,504","6,733"
"May 20, 2016","7,128","3,361",497,"23,149","2,355","6,364"
"May 21, 2016","6,071","2,903",379,"20,567","1,972","5,652"
"May 22, 2016","6,788","3,186",480,"22,035","2,175","5,867"
"May 23, 2016","9,909","4,888",784,"31,795","3,313","8,279"
"May 24, 2016","8,883","4,205",745,"29,514","2,785","7,995"
"May 25, 2016","9,108","4,291",722,"29,475","2,825","7,842"
"May 26, 2016","7,606","3,754",788,"23,215","2,562","7,085"
"May 27, 2016","6,302","3,126",586,"18,831","2,140","5,987"
"May 28, 2016","5,849","2,748",545,"19,263","1,902","5,383"
"May 29, 2016","6,830","3,103",460,"23,409","2,248","5,764"
"May 30, 2016","7,832","3,760",885,"24,380","2,212","7,150"
"May 31, 2016","7,369","3,795",796,"21,115","2,613","6,661"
"Jun 1, 2016","5,605","3,125",703,"12,128","2,070","5,490"
"Jun 2, 2016","5,297","2,952",585,"11,586","2,037","5,107"
"Jun 3, 2016","4,773","2,594",470,"10,843","1,814","4,554"
"Jun 4, 2016","4,349","2,278",474,"10,031","1,646","4,176"
"Jun 5, 2016","4,911","2,619",393,"10,931","1,923","4,496"
"Jun 6, 2016","6,069","3,348",704,"13,257","2,283","5,561"
"Jun 7, 2016","6,556","3,494",726,"15,351","2,521","5,938"
"Jun 8, 2016","6,513","3,599",733,"15,360","2,489","5,962"
"Jun 9, 2016","6,507","3,432",731,"17,135","2,395","5,994"
"Jun 10, 2016","6,740","3,427",635,"18,221","2,228","6,109"
"Jun 11, 2016","7,553","3,253",242,"23,253","2,392","6,889"
"Jun 12, 2016","7,434","3,306",204,"22,341","2,418","6,681"
"Jun 13, 2016","9,187","4,178",463,"29,207","3,024","8,081"
"Jun 14, 2016","8,633","3,967",291,"26,500","2,433","7,518"
"Jun 15, 2016","8,175","3,912",337,"25,360","2,337","7,330"
"Jun 16, 2016","8,136","3,706",272,"26,323","2,158","7,499"
"Jun 17, 2016","7,882","3,339",279,"27,910","1,973","7,414"
"Jun 18, 2016","7,093","2,846",204,"26,614","1,704","6,861"
"Jun 19, 2016","6,922","2,845",125,"24,864","1,863","6,626"
"Jun 20, 2016","9,164","4,254",329,"29,709","2,476","8,584"
"Jun 21, 2016","8,694","3,926",332,"27,788","2,320","8,131"
"Jun 22, 2016","9,050","3,731",237,"32,417","2,452","8,491"
"Jun 23, 2016","9,947","3,797",280,"42,763","2,602","9,425"
"Jun 24, 2016","8,642","3,164",221,"41,068","2,125","8,811"
"Jun 25, 2016","7,680","2,796",209,"37,320","1,911","8,101"
"Jun 26, 2016","8,817","3,115",151,"37,457","2,255","9,013"
"Jun 27, 2016","8,795","3,825",275,"30,991","2,693","8,810"
"Jun 28, 2016","8,256","3,662",331,"28,194","2,600","8,330"
"Jun 29, 2016","9,154","3,762",256,"45,103","2,434","10,040"
"Jun 30, 2016","9,766","3,533",257,"47,666","2,414","9,343"
"Jul 1, 2016","7,001","2,939",326,"19,553","1,982","8,091"
"Jul 2, 2016","5,822","2,680",191,"15,017","1,949","6,277"
"Jul 3, 2016","5,998","2,898",183,"14,521","1,981","6,182"
"Jul 4, 2016","9,108","4,370",368,"21,998","2,232","8,829"
"Jul 5, 2016","9,851","4,421",336,"23,936","2,516","9,192"
"Jul 6, 2016","9,167","4,184",288,"23,076","2,472","8,496"
"Jul 7, 2016","8,562","3,933",276,"21,473","2,407","7,915"
"Jul 8, 2016","8,236","3,811",222,"22,321","2,238","7,619"
"Jul 9, 2016","6,996","3,094",182,"19,216","1,927","6,779"
"Jul 10, 2016","7,414","3,257",124,"20,142","2,119","7,196"
"Jul 11, 2016","9,332","4,540",391,"22,829","2,793","8,884"
"Jul 12, 2016","9,296","4,420",262,"23,965","2,637","8,741"
"Jul 13, 2016","9,711","4,423",301,"29,375","2,788","9,062"
"Jul 14, 2016","10,090","4,247",237,"33,820","2,572","9,553"
"Jul 15, 2016","9,057","3,439",200,"39,210","2,085","9,077"
"Jul 16, 2016","8,573","3,066",226,"38,034","1,882","9,147"
"Jul 17, 2016","8,972","3,406",176,"35,340","2,150","8,735"
"Jul 18, 2016","9,209","4,109",299,"25,532","2,489","9,425"
"Jul 19, 2016","8,519","4,014",265,"25,051","2,521","8,664"
"Jul 20, 2016","9,230","4,122",348,"28,778","2,457","8,917"
"Jul 21, 2016","9,415","4,057",316,"29,548","2,384","8,993"
"Jul 22, 2016","8,936","3,807",308,"29,244","2,179","8,501"
"Jul 23, 2016","7,746","3,094",141,"26,978","1,830","7,554"
"Jul 24, 2016","8,413","3,526",168,"27,603","2,067","8,102"
"Jul 25, 2016","10,661","4,604",371,"33,129","2,623","10,240"
"Jul 26, 2016","11,150","4,787",424,"36,438","2,901","10,430"
"Jul 27, 2016","12,915","5,210",414,"41,688","3,244","11,619"
"Jul 28, 2016","11,500","4,729",372,"37,457","2,997","10,897"
"Jul 29, 2016","8,768","3,465",235,"28,862","2,201","8,953"
"Jul 30, 2016","7,705","2,825",204,"26,437","1,948","7,795"
"Jul 31, 2016","7,963","3,100",140,"24,920","2,151","7,661"
"Aug 1, 2016","6,149","3,287",304,"15,415","2,039","7,245"
"Aug 2, 2016","1,735","2,633",242,"13,307","1,789","6,330"
"Aug 3, 2016","5,315","2,999",275,"13,156","1,793","6,080"
"Aug 4, 2016","5,626","2,775",198,"12,138","1,655","5,722"
"Aug 5, 2016","5,544","2,649",204,"13,420","1,573","5,495"
"Aug 6, 2016","5,280","2,410",113,"13,707","1,456","5,316"
"Aug 7, 2016","5,800","2,655",128,"14,834","1,757","5,616"
"Aug 8, 2016","9,080","3,916",263,"25,266","2,474","8,088"
"Aug 9, 2016","9,358","3,703",233,"23,271","2,361","8,058"
"Aug 10, 2016","8,846","3,557",331,"21,748","2,173","7,800"
"Aug 11, 2016","8,251","3,254",255,"20,168","2,034","7,453"
"Aug 12, 2016","7,391","2,993",231,"18,214","1,855","6,598"
"Aug 13, 2016","6,662","2,580",203,"16,893","1,741","6,063"
"Aug 14, 2016","7,497","2,952",111,"18,465","2,042","6,300"
"Aug 15, 2016","8,925","3,769",279,"21,383","2,375","7,615"
"Aug 16, 2016","8,415","3,551",273,"20,668","2,262","7,459"
"Aug 17, 2016","8,349","3,481",283,"20,171","2,153","7,369"
"Aug 18, 2016","7,930","3,332",296,"18,870","2,080","7,049"
"Aug 19, 2016","7,211","3,089",297,"17,569","1,893","6,491"
"Aug 20, 2016","6,728","2,734",213,"16,524","1,786","5,897"
"Aug 21, 2016","7,571","3,105",152,"18,189","2,076","6,281"
"Aug 22, 2016","8,410","3,697",302,"19,860","2,281","7,012"
"Aug 23, 2016","8,773","3,832",287,"22,849","2,447","8,349"
"Aug 24, 2016","7,839","3,585",227,"18,802","2,258","7,130"
"Aug 25, 2016","7,046","3,411",241,"16,837","2,145","6,309"
"Aug 26, 2016","6,919","3,204",167,"16,339","2,082","6,086"
"Aug 27, 2016","6,241","2,840",162,"16,337","1,813","5,532"
"Aug 28, 2016","7,205","3,134",154,"18,346","2,094","6,279"
"Aug 29, 2016","7,700","3,697",277,"18,819","2,364","6,771"
"Aug 30, 2016","7,619","3,620",232,"18,750","2,167","6,754"
"Aug 31, 2016","7,503","3,506",286,"19,089","2,082","6,461"
"Sep 1, 2016","5,612","2,779",260,"11,983","1,845","5,182"
"Sep 2, 2016","5,128","2,561",155,"10,724","1,772","4,746"
"Sep 3, 2016","4,756","2,275",143,"10,012","1,705","4,347"
"Sep 4, 2016","5,548","2,766",115,"11,144","2,145","4,755"
"Sep 5, 2016","6,242","3,144",254,"12,682","2,126","5,579"
"Sep 6, 2016","5,794","2,951",277,"11,650","2,107","5,241"
"Sep 7, 2016","6,180","3,054",190,"12,549","2,152","5,574"
"Sep 8, 2016","7,303","3,420",235,"15,498","2,404","6,243"
"Sep 9, 2016","7,382","3,335",234,"16,201","2,376","6,266"
"Sep 10, 2016","6,082","2,814",185,"13,240","2,145","5,305"
"Sep 11, 2016","7,149","3,382",137,"14,833","2,774","5,872"
"Sep 12, 2016","7,833","3,832",244,"16,187","2,798","6,742"
"Sep 13, 2016","7,131","3,331",255,"14,897","2,337","6,228"
"Sep 14, 2016","6,865","3,227",440,"14,220","2,228","6,032"
"Sep 15, 2016","5,633","2,520",118,"12,146","1,819","4,990"
"Sep 16, 2016","5,425","2,413",107,"11,801","1,951","4,685"
"Sep 17, 2016","5,562","2,747",158,"12,158","2,155","4,682"
"Sep 18, 2016","4,859","2,724",144,"11,485","2,481","3,538"
"Sep 19, 2016","8,122","3,902",305,"19,480","2,950","7,789"
"Sep 20, 2016","7,410","3,533",394,"15,747","2,524","6,682"
"Sep 21, 2016","6,829","3,380",234,"14,092","2,525","6,163"
"Sep 22, 2016","6,848","3,422",234,"14,067","2,357","6,101"
"Sep 23, 2016","6,788","3,273",273,"14,292","2,285","6,125"
"Sep 24, 2016","6,004","2,786",251,"12,720","2,061","5,304"
"Sep 25, 2016","6,740","3,150",167,"13,921","2,383","5,639"
"Sep 26, 2016","8,656","4,155",312,"19,071","2,805","8,048"
"Sep 27, 2016","7,589","3,687",358,"16,079","2,479","6,946"
"Sep 28, 2016","7,476","3,533",268,"17,644","2,327","6,580"
"Sep 29, 2016","6,771","3,304",213,"14,231","2,270","6,018"
"Sep 30, 2016","6,238","2,947",161,"14,064","1,951","5,938"
"Oct 1, 2016","4,877","2,294",154,"10,406","1,675","4,590"
"Oct 2, 2016","5,286","2,518",156,"11,107","1,852","4,710"
"Oct 3, 2016","6,575","3,260",337,"13,751","2,278","5,973"
"Oct 4, 2016","6,397","3,120",284,"13,676","2,227","5,710"
"Oct 5, 2016","6,273","3,075",231,"13,265","2,232","5,644"
"Oct 6, 2016","6,889","3,381",219,"15,309","2,209","6,422"
"Oct 7, 2016","6,851","3,307",200,"16,152","2,148","6,170"
"Oct 8, 2016","5,972","2,741",165,"14,519","1,944","5,492"
"Oct 9, 2016","6,808","3,256",148,"15,434","2,329","5,990"
"Oct 10, 2016","7,629","3,679",287,"16,867","2,632","6,705"
"Oct 11, 2016","7,605","3,621",294,"18,337","2,495","6,744"
"Oct 12, 2016","9,255","3,950",225,"20,012","2,728","7,437"
"Oct 13, 2016","9,891","3,911",239,"21,804","2,652","7,673"
"Oct 14, 2016","8,677","3,273",211,"21,938","2,199","6,819"
"Oct 15, 2016","8,350","2,921",166,"21,729","2,120","6,130"
"Oct 16, 2016","9,270","3,210",144,"22,211","2,519","6,683"
"Oct 17, 2016","13,988","4,742",288,"28,323","3,528","8,721"
"Oct 18, 2016","13,157","4,234",260,"23,700","3,024","7,791"
"Oct 19, 2016","12,066","4,134",282,"23,604","2,987","7,644"
"Oct 20, 2016","11,542","4,053",232,"23,364","2,692","7,763"
"Oct 21, 2016","11,251","4,012",284,"24,515","2,764","7,561"
"Oct 22, 2016","10,594","3,402",166,"22,783","2,523","6,854"
"Oct 23, 2016","11,198","3,760",163,"22,199","2,996","7,149"
"Oct 24, 2016","11,939","4,648",290,"30,250","3,311","8,354"
"Oct 25, 2016","11,046","4,091",242,"25,551","2,771","7,686"
"Oct 26, 2016","10,123","3,804",281,"24,950","2,716","7,297"
"Oct 27, 2016","9,835","3,820",227,"23,887","2,739","7,336"
"Oct 28, 2016","8,845","3,181",171,"21,737","2,050","6,717"
"Oct 29, 2016","8,362","2,781",157,"20,920","2,000","6,119"
"Oct 30, 2016","9,991","3,410",177,"22,619","2,552","6,865"
"Oct 31, 2016","10,142","3,962",276,"24,299","2,744","8,042"
"Nov 1, 2016","6,128","2,928",270,"12,824","2,009","5,825"
"Nov 2, 2016","6,471","3,172",210,"12,838","2,203","5,727"
"Nov 3, 2016","7,142","3,522",261,"14,027","2,302","6,390"
"Nov 4, 2016","7,049","3,426",223,"13,993","2,298","6,230"
"Nov 5, 2016","6,511","3,022",126,"12,988","2,099","5,592"
"Nov 6, 2016","7,253","3,398",145,"13,848","2,510","5,833"
"Nov 7, 2016","8,559","4,234",317,"16,875","2,843","7,404"
"Nov 8, 2016","8,895","4,314",264,"17,130","2,761","7,541"
"Nov 9, 2016","9,914","4,349",308,"19,952","2,622","7,930"
"Nov 10, 2016","9,933","4,457",250,"21,071","2,787","8,006"
"Nov 11, 2016","9,453","3,852",190,"23,022","2,427","7,570"
"Nov 12, 2016","9,135","3,614",234,"22,541","2,385","7,212"
"Nov 13, 2016","10,682","4,140",199,"26,430","2,769","8,326"
"Nov 14, 2016","11,205","4,855",394,"25,316","3,008","9,447"
"Nov 15, 2016","10,452","4,472",386,"23,750","2,849","8,772"
"Nov 16, 2016","10,381","4,401",354,"24,333","2,642","8,687"
"Nov 17, 2016","10,242","4,279",291,"24,757","2,635","8,535"
"Nov 18, 2016","8,355","3,377",257,"23,035","1,709","7,743"
"Nov 19, 2016","7,199","2,807",194,"20,149","1,698","6,406"
"Nov 20, 2016","7,225","2,727",155,"18,869","1,257","6,119"
"Nov 21, 2016","7,660","3,106",197,"19,442","2,068","6,448"
"Nov 22, 2016","8,223","3,849",368,"20,027","2,652","7,556"
"Nov 23, 2016","7,707","3,567",338,"18,178","2,352","7,055"
"Nov 24, 2016","7,400","3,397",430,"17,921","2,249","6,611"
"Nov 25, 2016","6,959","3,041",265,"18,660","1,984","6,338"
"Nov 26, 2016","6,467","2,701",187,"16,957","1,774","5,752"
"Nov 27, 2016","6,551","2,818",116,"15,283","2,039","5,693"
"Nov 28, 2016","7,753","3,570",306,"18,021","2,493","6,950"
"Nov 29, 2016","7,417","3,530",315,"16,999","2,311","6,742"
"Nov 30, 2016","6,339","2,993",186,"13,995","2,022","5,968"
"Dec 1, 2016","5,812","2,667",222,"12,344","1,709","5,483"
"Dec 2, 2016","5,430","2,453",192,"11,679","1,641","5,166"
"Dec 3, 2016","4,792","2,071",140,"10,482","1,500","4,579"
"Dec 4, 2016","5,508","2,415",129,"11,298","1,765","4,895"
"Dec 5, 2016","6,505","3,135",345,"12,839","2,325","5,793"
"Dec 6, 2016","5,884","2,853",216,"11,659","2,064","5,328"
"Dec 7, 2016","5,730","2,779",215,"11,465","2,086","4,985"
"Dec 8, 2016","6,089","2,865",231,"14,687","2,217","5,604"
"Dec 9, 2016","6,192","2,599",151,"18,708","1,793","6,610"
"Dec 10, 2016","6,531","2,492",130,"21,489","1,691","6,834"
"Dec 11, 2016","6,864","2,695",137,"21,162","1,934","7,491"
"Dec 12, 2016","8,492","3,544",269,"24,765","2,335","8,829"
"Dec 13, 2016","8,089","3,372",293,"24,274","2,263","9,047"
"Dec 14, 2016","7,694","3,210",259,"22,047","2,144","8,713"
"Dec 15, 2016","7,288","2,961",207,"20,122","1,906","7,391"
"Dec 16, 2016","6,680","2,663",211,"19,599","1,756","6,836"
"Dec 17, 2016","6,303","2,314",224,"17,973","1,503","6,088"
"Dec 18, 2016","6,442","2,489",150,"18,578","1,747","6,196"
"Dec 19, 2016","8,467","3,517",293,"22,497","2,349","8,215"
"Dec 20, 2016","8,145","3,255",237,"22,052","2,296","7,686"
"Dec 21, 2016","7,295","2,849",238,"18,626","2,108","6,858"
"Dec 22, 2016","6,371","2,586",188,"16,793","1,967","6,180"
"Dec 23, 2016","4,518","2,100",139,"10,182","1,599","4,480"
"Dec 24, 2016","2,947","1,331",53,"7,231",986,"3,069"
"Dec 25, 2016","3,499","1,558",47,"7,698","1,212","3,343"
"Dec 26, 2016","6,189","3,003",321,"12,916","2,293","5,507"
"Dec 27, 2016","6,311","3,071",191,"12,915","2,460","5,533"
"Dec 28, 2016","6,127","2,976",255,"12,523","2,278","5,423"
"Dec 29, 2016","5,751","2,745",163,"12,069","2,114","5,287"
"Dec 30, 2016","5,134","2,428",137,"10,757","1,914","4,764"
"Dec 31, 2016","3,501","1,588",53,"7,626","1,262","3,330"
"Jan 1, 2017","3,421","1,541",30,"6,930","1,163","3,248"
"Jan 2, 2017","6,574","3,188",278,"12,703","2,663","5,840"
"Jan 3, 2017","6,661","3,302",271,"13,050","2,652","5,794"
"Jan 4, 2017","6,032","2,979",161,"11,630","2,219","5,251"
"Jan 5, 2017","5,529","2,886",152,"10,794","2,201","4,955"
"Jan 6, 2017","5,199","2,595",148,"10,284","1,978","4,706"
"Jan 7, 2017","4,923","2,304",103,"9,773","1,817","4,425"
"Jan 8, 2017","5,185","2,484",102,"10,171","1,982","4,452"
"Jan 9, 2017","7,226","3,615",235,"14,280","2,803","6,276"
"Jan 10, 2017","9,245","4,407",233,"22,455","3,397","7,868"
"Jan 11, 2017","10,407","4,721",276,"27,382","3,659","8,316"
"Jan 12, 2017","9,578","4,415",218,"24,108","3,490","8,261"
"Jan 13, 2017","9,878","4,642",305,"23,935","3,616","8,309"
"Jan 14, 2017","7,712","3,384",164,"19,478","2,787","6,582"
"Jan 15, 2017","7,756","3,497",117,"18,955","2,827","6,448"
"Jan 16, 2017","8,822","4,283",280,"19,564","3,527","7,544"
"Jan 17, 2017","7,462","3,650",339,"14,240","2,972","6,488"
"Jan 18, 2017","6,878","3,518",346,"13,353","2,803","6,237"
"Jan 19, 2017","6,660","3,298",188,"13,190","2,579","6,048"
"Jan 20, 2017","5,808","2,772",168,"11,817","2,166","5,372"
"Jan 21, 2017","5,262","2,374",119,"10,734","1,853","4,730"
"Jan 22, 2017","5,617","2,622",105,"11,249","2,122","4,961"
"Jan 23, 2017","6,983","3,489",247,"14,071","2,766","6,080"
"Jan 24, 2017","6,901","3,296",258,"13,795","2,436","6,156"
"Jan 25, 2017","6,242","3,057",168,"12,824","2,371","5,753"
"Jan 26, 2017","5,944","2,849",213,"12,205","2,210","5,316"
"Jan 27, 2017","3,115","1,503",163,"5,763","1,089","2,910"
